section,dataset,variant,metric,mean,std,n,n_valid
quality,synthetic,quality,score_main,0.3710982948879725,0.010469275584888346,5,5
quality,synthetic,quality,tstr_macro_f1,0.42697591843305566,0.01634208664974437,5,5
quality,synthetic,quality,disc_auc_gap,0.3994431502727846,0.01654451581684205,5,5
quality,synthetic,quality,unconditional_w1,0.250114294996695,0.010116619970976714,5,5
quality,synthetic,quality,conditional_w1,0.3358130878082187,0.016167145502120114,5,5
quality,synthetic,quality,u_l1,0.4249267578125,0.02540902451932937,5,5
quality,synthetic,quality,c_l1,28.410487396280608,8.426230391117446,5,5
quality,synthetic,quality,spread_specific_error,109.41611229785072,33.45705894130863,5,5
quality,synthetic,quality,imbalance_specific_error,1.3654274656908734,0.1369488151254359,5,5
quality,synthetic,quality,ret_vol_acf_error,0.24159008311525448,0.021519671052429704,5,5
quality,synthetic,quality,impact_response_error,3.0182059945676967,0.9294089269948062,5,5
quality,synthetic,quality,efficiency_ms_per_sample,2547.4610484386276,61.512835141501874,5,5
quality,optiver,quality,score_main,0.35950107278039833,0.011799550000731617,5,5
quality,optiver,quality,tstr_macro_f1,0.30193906576859086,0.027639738900074876,5,5
quality,optiver,quality,disc_auc_gap,0.14215794015915267,0.018409915125893708,5,5
quality,optiver,quality,unconditional_w1,0.20815124141282002,0.013348614066073503,5,5
quality,optiver,quality,conditional_w1,0.5076469150383496,0.01775325474930386,5,5
quality,optiver,quality,u_l1,0.4519212962962963,0.0195736174567435,5,5
quality,optiver,quality,c_l1,2.6867482189648095,1.136153839407262,5,5
quality,optiver,quality,spread_specific_error,5.134624981286153,3.942511786583811,5,5
quality,optiver,quality,imbalance_specific_error,1.791745877434326,0.11946746618176322,5,5
quality,optiver,quality,ret_vol_acf_error,0.216205180591102,0.009700784706494632,5,5
quality,optiver,quality,impact_response_error,3.95416751875308,1.1570185536078064,5,5
quality,optiver,quality,efficiency_ms_per_sample,769.6351519236083,1.6063245539466953,5,5
quality,cryptos,quality,score_main,1.8299895204943186,0.10702196093390917,5,5
quality,cryptos,quality,tstr_macro_f1,0.15963983445701396,0.012204307066216889,5,5
quality,cryptos,quality,disc_auc_gap,0.49986247465388856,6.627768202517516e-05,5,5
quality,cryptos,quality,unconditional_w1,63.002808093996144,25.98176916707282,5,5
quality,cryptos,quality,conditional_w1,60.92265893529735,25.40830183812129,5,5
quality,cryptos,quality,u_l1,1.2843444444444443,0.12181420129233017,5,5
quality,cryptos,quality,c_l1,1627.2339403651854,1254.7812365493908,5,5
quality,cryptos,quality,spread_specific_error,2056.0104678045545,593.1417030752191,5,5
quality,cryptos,quality,imbalance_specific_error,3.612035340811155,0.6152696087755126,5,5
quality,cryptos,quality,ret_vol_acf_error,0.13840735702133214,0.005135700345772313,5,5
quality,cryptos,quality,impact_response_error,4532.193402766025,4364.67673509911,5,5
quality,cryptos,quality,efficiency_ms_per_sample,5245.40653865086,20.769946632111136,5,5
quality,es_mbp_10,quality,score_main,0.4568847584038001,0.010492179720371302,5,5
quality,es_mbp_10,quality,tstr_macro_f1,0.3377140891779877,0.023277323132966564,5,5
quality,es_mbp_10,quality,disc_auc_gap,0.49453261806142174,0.006309339868114259,5,5
quality,es_mbp_10,quality,unconditional_w1,0.37644851171857174,0.014546573794070051,5,5
quality,es_mbp_10,quality,conditional_w1,0.4223079220649453,0.025988836533289445,5,5
quality,es_mbp_10,quality,u_l1,0.9710944444444444,0.04214563855380965,5,5
quality,es_mbp_10,quality,c_l1,11.849423082056042,14.04743271367897,5,5
quality,es_mbp_10,quality,spread_specific_error,43.48474802231586,56.221477033496136,5,5
quality,es_mbp_10,quality,imbalance_specific_error,1.2019643495406829,0.10598351899490698,5,5
quality,es_mbp_10,quality,ret_vol_acf_error,0.14346458504153747,0.004942924028531126,5,5
quality,es_mbp_10,quality,impact_response_error,1.5963141879198015,0.38578931831102314,5,5
quality,es_mbp_10,quality,efficiency_ms_per_sample,2516.2745132045043,43.603073666166644,5,5
speed,synthetic,speed,score_main,0.4050212868518933,0.01405848243345956,5,5
speed,synthetic,speed,tstr_macro_f1,0.4172945575081812,0.01767583174073932,5,5
speed,synthetic,speed,disc_auc_gap,0.45546217411486956,0.012725886430400634,5,5
speed,synthetic,speed,unconditional_w1,0.29705072112870556,0.029928157147895665,5,5
speed,synthetic,speed,conditional_w1,0.38420448792208745,0.0454198747860373,5,5
speed,synthetic,speed,u_l1,0.5001519097222222,0.041193224177111215,5,5
speed,synthetic,speed,c_l1,140.4303698315524,105.291077287165,5,5
speed,synthetic,speed,spread_specific_error,555.4890813511954,420.5741167890928,5,5
speed,synthetic,speed,imbalance_specific_error,1.3384071606369907,0.07253818902537461,5,5
speed,synthetic,speed,ret_vol_acf_error,0.24616450037124732,0.007743763105521046,5,5
speed,synthetic,speed,impact_response_error,5.030597293802078,4.266115954389281,5,5
speed,synthetic,speed,efficiency_ms_per_sample,1279.0904228853633,31.074144091662664,5,5
speed,optiver,speed,score_main,0.41303458525138514,0.010144929233172914,5,5
speed,optiver,speed,tstr_macro_f1,0.301798538983292,0.021001525497552614,5,5
speed,optiver,speed,disc_auc_gap,0.286333688428072,0.016918218436268895,5,5
speed,optiver,speed,unconditional_w1,0.33600919952267455,0.021878161938996065,5,5
speed,optiver,speed,conditional_w1,0.461327107911962,0.020036946583351922,5,5
speed,optiver,speed,u_l1,0.5994212962962964,0.032099479529687336,5,5
speed,optiver,speed,c_l1,1.5079451770078591,0.23214142420057746,5,5
speed,optiver,speed,spread_specific_error,1.809644203198199,0.5254013035528259,5,5
speed,optiver,speed,imbalance_specific_error,1.404353398927006,0.14729108986289857,5,5
speed,optiver,speed,ret_vol_acf_error,0.21580148238160407,0.013244279995306881,5,5
speed,optiver,speed,impact_response_error,2.5556168241973514,0.6483506212422241,5,5
speed,optiver,speed,efficiency_ms_per_sample,193.13621146268108,0.7126262516000861,5,5
speed,cryptos,speed,score_main,1.7140710280268312,0.1880186886238264,5,5
speed,cryptos,speed,tstr_macro_f1,0.19432436680408952,0.029253604082541247,5,5
speed,cryptos,speed,disc_auc_gap,0.4989174389783767,0.0005651091679843641,5,5
speed,cryptos,speed,unconditional_w1,34.67956782234931,35.8871598000206,5,5
speed,cryptos,speed,conditional_w1,33.44958793592859,33.863804600409445,5,5
speed,cryptos,speed,u_l1,1.4566537037037037,0.06508320584549895,5,5
speed,cryptos,speed,c_l1,2983.2664445765727,2225.3797252353947,5,5
speed,cryptos,speed,spread_specific_error,3019.528256459147,1921.138447045013,5,5
speed,cryptos,speed,imbalance_specific_error,4.449904588691197,1.2589662209408328,5,5
speed,cryptos,speed,ret_vol_acf_error,0.1434529881698999,0.016663905676871205,5,5
speed,cryptos,speed,impact_response_error,11061.656632802202,5936.251641879544,5,5
speed,cryptos,speed,efficiency_ms_per_sample,2614.83636872222,34.396696762207554,5,5
speed,es_mbp_10,speed,score_main,0.45886721087318316,0.008335107293870098,5,5
speed,es_mbp_10,speed,tstr_macro_f1,0.3265461673625064,0.012190090355790533,5,5
speed,es_mbp_10,speed,disc_auc_gap,0.49730512790600273,0.001345934057165649,5,5
speed,es_mbp_10,speed,unconditional_w1,0.3765803461455362,0.024311729459043672,5,5
speed,es_mbp_10,speed,conditional_w1,0.4140685492416238,0.020145596550709015,5,5
speed,es_mbp_10,speed,u_l1,1.0011648148148147,0.05537617782005948,5,5
speed,es_mbp_10,speed,c_l1,37.80164353201993,73.43211436524244,5,5
speed,es_mbp_10,speed,spread_specific_error,147.6605367554007,293.7984037965992,5,5
speed,es_mbp_10,speed,imbalance_specific_error,1.165672657542863,0.1030082882703116,5,5
speed,es_mbp_10,speed,ret_vol_acf_error,0.14668819813474093,0.004701743559443437,5,5
speed,es_mbp_10,speed,impact_response_error,1.2803355589748853,0.18356510537549908,5,5
speed,es_mbp_10,speed,efficiency_ms_per_sample,2518.5714864692027,42.248354391070094,5,5
architecture,synthetic,transformer,score_main,0.3706572402373188,0.005665551417870419,5,5
architecture,synthetic,transformer,tstr_macro_f1,0.4288165948594956,0.013091806425370715,5,5
architecture,synthetic,transformer,disc_auc_gap,0.40477539154804365,0.0070716250171362965,5,5
architecture,synthetic,transformer,unconditional_w1,0.23804936950497485,0.02157336871051098,5,5
architecture,synthetic,transformer,conditional_w1,0.34210192186372895,0.014887358462152344,5,5
architecture,synthetic,transformer,u_l1,0.41728244357638894,0.027412221981379777,5,5
architecture,synthetic,transformer,c_l1,97.59736662783936,120.79265776876646,5,5
architecture,synthetic,transformer,spread_specific_error,386.0450793689608,483.11947179860925,5,5
architecture,synthetic,transformer,imbalance_specific_error,1.4231403808392666,0.07320198551818019,5,5
architecture,synthetic,transformer,ret_vol_acf_error,0.25915399979349235,0.012152191441831826,5,5
architecture,synthetic,transformer,impact_response_error,2.318285953709989,0.8110674378902363,5,5
architecture,synthetic,transformer,efficiency_ms_per_sample,2544.0755385488346,60.68114647950128,5,5
architecture,synthetic,hybrid,score_main,0.3734457774932093,0.020957551350440223,5,5
architecture,synthetic,hybrid,tstr_macro_f1,0.42893254083966126,0.01455431490590493,5,5
architecture,synthetic,hybrid,disc_auc_gap,0.40601430643557607,0.01736284703008831,5,5
architecture,synthetic,hybrid,unconditional_w1,0.2508003863832053,0.048349619129157764,5,5
architecture,synthetic,hybrid,conditional_w1,0.3433900770164032,0.04255723180519029,5,5
architecture,synthetic,hybrid,u_l1,0.4497395833333333,0.08276077403802345,5,5
architecture,synthetic,hybrid,c_l1,179.3149273828075,169.54440471270536,5,5
architecture,synthetic,hybrid,spread_specific_error,712.8527647284143,677.804012428118,5,5
architecture,synthetic,hybrid,imbalance_specific_error,1.3537530590376712,0.09822507443475771,5,5
architecture,synthetic,hybrid,ret_vol_acf_error,0.2613689129360973,0.011736379023099265,5,5
architecture,synthetic,hybrid,impact_response_error,1.652233331202737,0.045574760087833045,5,5
architecture,synthetic,hybrid,efficiency_ms_per_sample,2679.3506454278636,75.7155135611272,5,5
architecture,optiver,transformer,score_main,0.3626552611739337,0.00755846836622446,5,5
architecture,optiver,transformer,tstr_macro_f1,0.30619394947228956,0.017780185961421596,5,5
architecture,optiver,transformer,disc_auc_gap,0.16033599576840907,0.010982902662622763,5,5
architecture,optiver,transformer,unconditional_w1,0.22447599874157503,0.018042745146447874,5,5
architecture,optiver,transformer,conditional_w1,0.4846108981449316,0.02140082802037109,5,5
architecture,optiver,transformer,u_l1,0.4428009259259259,0.026047005625553447,5,5
architecture,optiver,transformer,c_l1,2.6809384620526466,1.0467619022406687,5,5
architecture,optiver,transformer,spread_specific_error,4.750939849467784,3.3880513879546483,5,5
architecture,optiver,transformer,imbalance_specific_error,1.7345467833059884,0.06439789470208988,5,5
architecture,optiver,transformer,ret_vol_acf_error,0.22225582367428345,0.010353986375272642,5,5
architecture,optiver,transformer,impact_response_error,3.916600344709644,1.104252009236424,5,5
architecture,optiver,transformer,efficiency_ms_per_sample,768.3489604665535,1.4961119606053517,5,5
architecture,optiver,hybrid,score_main,0.3612776580475511,0.007535604797831531,5,5
architecture,optiver,hybrid,tstr_macro_f1,0.2920772988200217,0.007663853150195665,5,5
architecture,optiver,hybrid,disc_auc_gap,0.13595672319253846,0.0134733410126782,5,5
architecture,optiver,hybrid,unconditional_w1,0.21920867155686427,0.0147553301794981,5,5
architecture,optiver,hybrid,conditional_w1,0.49852275045514316,0.02366576469330433,5,5
architecture,optiver,hybrid,u_l1,0.458611111111111,0.03053473266354267,5,5
architecture,optiver,hybrid,c_l1,1.9324383130629954,0.4822843991714561,5,5
architecture,optiver,hybrid,spread_specific_error,2.6829113639243127,1.3049567272981046,5,5
architecture,optiver,hybrid,imbalance_specific_error,1.6328692885229636,0.12871495931273585,5,5
architecture,optiver,hybrid,ret_vol_acf_error,0.22205754152819085,0.009141565562841104,5,5
architecture,optiver,hybrid,impact_response_error,3.8404773468383104,1.001588826398407,5,5
architecture,optiver,hybrid,efficiency_ms_per_sample,812.8055905208587,4.127694427271591,5,5
architecture,cryptos,transformer,score_main,2.1224671206521686,0.4804468872462573,5,5
architecture,cryptos,transformer,tstr_macro_f1,0.1730861511806594,0.015576791149142519,5,5
architecture,cryptos,transformer,disc_auc_gap,0.4999566683969488,3.47145999878413e-05,5,5
architecture,cryptos,transformer,unconditional_w1,80.99564343537482,43.46168828753987,5,5
architecture,cryptos,transformer,conditional_w1,79.51616738822774,42.72269470136583,5,5
architecture,cryptos,transformer,u_l1,1.436325925925926,0.05027270501658431,5,5
architecture,cryptos,transformer,c_l1,3184.2776492846397,2170.4279571300167,5,5
architecture,cryptos,transformer,spread_specific_error,2793.622174404008,752.2702914622511,5,5
architecture,cryptos,transformer,imbalance_specific_error,3.8329599842750297,0.6085626183457142,5,5
architecture,cryptos,transformer,ret_vol_acf_error,0.14140760214802217,0.013355162098377586,5,5
architecture,cryptos,transformer,impact_response_error,6378.676302036765,4314.878706066797,5,5
architecture,cryptos,transformer,efficiency_ms_per_sample,4901.6040180910695,56.08847161849706,5,5
architecture,cryptos,hybrid,score_main,1.4974381937580394,0.1429160200753879,5,5
architecture,cryptos,hybrid,tstr_macro_f1,0.17963951050795568,0.028757976522179388,5,5
architecture,cryptos,hybrid,disc_auc_gap,0.4996392337627443,0.0003545593226543055,5,5
architecture,cryptos,hybrid,unconditional_w1,13.468144014430106,10.2154225027114,5,5
architecture,cryptos,hybrid,conditional_w1,13.126895570973591,9.661123589280928,5,5
architecture,cryptos,hybrid,u_l1,1.255601851851852,0.1319341902448171,5,5
architecture,cryptos,hybrid,c_l1,1379.4413108811561,773.8315989115845,5,5
architecture,cryptos,hybrid,spread_specific_error,1976.4825182605389,631.0545338555543,5,5
architecture,cryptos,hybrid,imbalance_specific_error,3.5413131723528743,0.25792023473967796,5,5
architecture,cryptos,hybrid,ret_vol_acf_error,0.14348650769186247,0.007419953227604252,5,5
architecture,cryptos,hybrid,impact_response_error,3204.1717977782646,2211.998140883923,5,5
architecture,cryptos,hybrid,efficiency_ms_per_sample,5184.435773719645,72.15950272737354,5,5
architecture,es_mbp_10,transformer,score_main,0.48261778019931184,0.011761810368319884,5,5
architecture,es_mbp_10,transformer,tstr_macro_f1,0.2957746327911214,0.016796672354922507,5,5
architecture,es_mbp_10,transformer,disc_auc_gap,0.4975477285523174,0.000922114040953138,5,5
architecture,es_mbp_10,transformer,unconditional_w1,0.4251886040004006,0.023676099522071812,5,5
architecture,es_mbp_10,transformer,conditional_w1,0.45928150452991046,0.023069944196988445,5,5
architecture,es_mbp_10,transformer,u_l1,1.0467444444444445,0.05226561062015778,5,5
architecture,es_mbp_10,transformer,c_l1,30.326054087380196,49.432956207743004,5,5
architecture,es_mbp_10,transformer,spread_specific_error,116.50765583659556,197.60146469162834,5,5
architecture,es_mbp_10,transformer,imbalance_specific_error,1.1916242660370826,0.10057216532223205,5,5
architecture,es_mbp_10,transformer,ret_vol_acf_error,0.17273309998990727,0.008225023804236497,5,5
architecture,es_mbp_10,transformer,impact_response_error,2.5930750040343105,0.9071425343441801,5,5
architecture,es_mbp_10,transformer,efficiency_ms_per_sample,2375.529996816767,65.97918672156196,5,5
architecture,es_mbp_10,hybrid,score_main,0.45998187661368367,0.006235478970635715,5,5
architecture,es_mbp_10,hybrid,tstr_macro_f1,0.334666861216288,0.018988123717495285,5,5
architecture,es_mbp_10,hybrid,disc_auc_gap,0.4959818627805486,0.0026144725636843627,5,5
architecture,es_mbp_10,hybrid,unconditional_w1,0.3858996514352616,0.014914789917881501,5,5
architecture,es_mbp_10,hybrid,conditional_w1,0.42306032453645714,0.014071720429537303,5,5
architecture,es_mbp_10,hybrid,u_l1,1.0633259259259258,0.048634435462511554,5,5
architecture,es_mbp_10,hybrid,c_l1,13.395206706011654,24.658437343918525,5,5
architecture,es_mbp_10,hybrid,spread_specific_error,50.00921986696241,98.54150139085064,5,5
architecture,es_mbp_10,hybrid,imbalance_specific_error,1.1847773352912498,0.04225942695196881,5,5
architecture,es_mbp_10,hybrid,ret_vol_acf_error,0.1466166466069467,0.0043032539797712025,5,5
architecture,es_mbp_10,hybrid,impact_response_error,2.118393354543571,1.244445147144741,5,5
architecture,es_mbp_10,hybrid,efficiency_ms_per_sample,2491.143170039868,52.13788146312719,5,5
baseline,synthetic,trades,score_main,0.6102085078916614,0.03209324363023391,5,5
baseline,synthetic,trades,tstr_macro_f1,0.2920737294927801,0.029193840820998677,5,5
baseline,synthetic,trades,disc_auc_gap,0.4994386853411285,0.0005222878612272447,5,5
baseline,synthetic,trades,unconditional_w1,0.7281215660211886,0.15650781816225215,5,5
baseline,synthetic,trades,conditional_w1,1.0018759827389094,0.13093715821806312,5,5
baseline,synthetic,trades,u_l1,0.8150716145833332,0.07604812592701228,5,5
baseline,synthetic,trades,c_l1,3107.4623421184456,580.4246099421835,5,5
baseline,synthetic,trades,spread_specific_error,12317.98661053002,2304.2806793774657,5,5
baseline,synthetic,trades,imbalance_specific_error,3.183298619535201,0.09557298741778138,5,5
baseline,synthetic,trades,ret_vol_acf_error,0.24801769066562987,0.023417608151521038,5,5
baseline,synthetic,trades,impact_response_error,20.338370580857934,3.542669691821172,5,5
baseline,synthetic,trades,efficiency_ms_per_sample,754.5930652162901,2.298885977346195,5,5
baseline,optiver,trades,score_main,0.44104075285685723,0.018497508981681485,5,5
baseline,optiver,trades,tstr_macro_f1,0.27919189597659416,0.017337988957784867,5,5
baseline,optiver,trades,disc_auc_gap,0.17112397520463724,0.0289671484159118,5,5
baseline,optiver,trades,unconditional_w1,0.3802111328359059,0.03591575570443121,5,5
baseline,optiver,trades,conditional_w1,0.7379929592268447,0.04349806542429489,5,5
baseline,optiver,trades,u_l1,0.5943055555555555,0.027146511464736626,5,5
baseline,optiver,trades,c_l1,3.4108440688378336,1.008807435791959,5,5
baseline,optiver,trades,spread_specific_error,4.985412905746353,3.447806428266856,5,5
baseline,optiver,trades,imbalance_specific_error,2.193324575992173,0.30823674577164784,5,5
baseline,optiver,trades,ret_vol_acf_error,0.22754514139558757,0.008394335686033722,5,5
baseline,optiver,trades,impact_response_error,4.907333412949631,1.2081280098462477,5,5
baseline,optiver,trades,efficiency_ms_per_sample,109.5415298322526,3.498206776763576,5,5
baseline,cryptos,trades,score_main,3.0046164140965343,0.2512204156603743,5,5
baseline,cryptos,trades,tstr_macro_f1,0.17905410149802362,0.023624264538690907,5,5
baseline,cryptos,trades,disc_auc_gap,0.5,0.0,5,5
baseline,cryptos,trades,unconditional_w1,671.1226384319161,244.4613681771626,5,5
baseline,cryptos,trades,conditional_w1,634.6674709142762,233.51296425509452,5,5
baseline,cryptos,trades,u_l1,1.2611074074074073,0.08072457844521556,5,5
baseline,cryptos,trades,c_l1,11450.560709545982,4384.159982314301,5,5
baseline,cryptos,trades,spread_specific_error,26009.578280564936,2403.0595834405644,5,5
baseline,cryptos,trades,imbalance_specific_error,7.881433732722246,1.6421070207744413,5,5
baseline,cryptos,trades,ret_vol_acf_error,0.1288694446400846,0.006345718333373925,5,5
baseline,cryptos,trades,impact_response_error,9872.632654473175,3440.143363117776,5,5
baseline,cryptos,trades,efficiency_ms_per_sample,2633.1568181747566,10.7012410535684,5,5
baseline,es_mbp_10,trades,score_main,0.5656863736999234,0.021070013750953312,5,5
baseline,es_mbp_10,trades,tstr_macro_f1,0.279524720033228,0.02133552988475841,5,5
baseline,es_mbp_10,trades,disc_auc_gap,0.49852627772196606,0.0004463622065842306,5,5
baseline,es_mbp_10,trades,unconditional_w1,0.620619820303348,0.07222640761692058,5,5
baseline,es_mbp_10,trades,conditional_w1,0.7576820256498753,0.05218617126498784,5,5
baseline,es_mbp_10,trades,u_l1,1.0732037037037037,0.09840257274955326,5,5
baseline,es_mbp_10,trades,c_l1,4.717984905025608,0.3067116479994206,5,5
baseline,es_mbp_10,trades,spread_specific_error,0.9777371959992396,0.03808804401339698,5,5
baseline,es_mbp_10,trades,imbalance_specific_error,1.6905883372170902,0.07475906145445613,5,5
baseline,es_mbp_10,trades,ret_vol_acf_error,0.12872410706335663,0.002572435324154012,5,5
baseline,es_mbp_10,trades,impact_response_error,3.894479865947834,1.0067726111490571,5,5
baseline,es_mbp_10,trades,efficiency_ms_per_sample,1315.441313677778,6.6438851368920995,5,5
baseline,synthetic,cgan,score_main,0.5272087877911502,0.10118194648717385,5,5
baseline,synthetic,cgan,tstr_macro_f1,nan,nan,5,0
baseline,synthetic,cgan,disc_auc_gap,0.467301217102441,0.0031089390855623135,5,5
baseline,synthetic,cgan,unconditional_w1,0.7673267962332528,0.33980943988472284,5,5
baseline,synthetic,cgan,conditional_w1,0.8606404739452381,0.3159020319988009,5,5
baseline,synthetic,cgan,u_l1,0.799045138888889,0.09234196815876158,5,5
baseline,synthetic,cgan,c_l1,1211.4807816217426,501.3606396603637,5,5
baseline,synthetic,cgan,spread_specific_error,4830.080472228615,1999.4357359869175,5,5
baseline,synthetic,cgan,imbalance_specific_error,2.141867721540883,0.5222024097973607,5,5
baseline,synthetic,cgan,ret_vol_acf_error,0.25210050591053423,0.02178233112117857,5,5
baseline,synthetic,cgan,impact_response_error,3.5383421349326105,1.8370276761353512,5,5
baseline,synthetic,cgan,efficiency_ms_per_sample,140.18540003712081,3.3238723720424375,5,5
baseline,optiver,cgan,score_main,0.4491937439617931,0.02137813048380167,5,5
baseline,optiver,cgan,tstr_macro_f1,0.2458527559872018,0.030088639699505627,5,3
baseline,optiver,cgan,disc_auc_gap,0.42546420895133313,0.014428436504880557,5,5
baseline,optiver,cgan,unconditional_w1,0.4730653242576784,0.049386669513685366,5,5
baseline,optiver,cgan,conditional_w1,0.6204004867529556,0.02869096747911171,5,5
baseline,optiver,cgan,u_l1,0.8882407407407408,0.04212674237155668,5,5
baseline,optiver,cgan,c_l1,1.5064419285733242,0.41997607508868373,5,5
baseline,optiver,cgan,spread_specific_error,2.4988558070682396,1.5922052934576532,5,5
baseline,optiver,cgan,imbalance_specific_error,1.2815909550344546,0.13120255502104702,5,5
baseline,optiver,cgan,ret_vol_acf_error,0.21733035488055252,0.005899661501739313,5,5
baseline,optiver,cgan,impact_response_error,1.356757271072601,0.22296505797821814,5,5
baseline,optiver,cgan,efficiency_ms_per_sample,20.88595228657747,0.02551363425065088,5,5
baseline,cryptos,cgan,score_main,2.1918525622583873,0.3633520465032352,5,5
baseline,cryptos,cgan,tstr_macro_f1,0.19632005664760585,0.0,5,1
baseline,cryptos,cgan,disc_auc_gap,0.4999993400084343,1.0662704797487911e-06,5,5
baseline,cryptos,cgan,unconditional_w1,92.06214120160142,56.42457367591615,5,5
baseline,cryptos,cgan,conditional_w1,92.28072166906755,56.64123073368609,5,5
baseline,cryptos,cgan,u_l1,1.7092592592592595,0.0996323755301072,5,5
baseline,cryptos,cgan,c_l1,1470.2874197335618,1183.3771703618754,5,5
baseline,cryptos,cgan,spread_specific_error,5689.670641168754,4734.600461199753,5,5
baseline,cryptos,cgan,imbalance_specific_error,3.5271586080509523,2.381995170851249,5,5
baseline,cryptos,cgan,ret_vol_acf_error,0.25848211393976583,0.1420620660576631,5,5
baseline,cryptos,cgan,impact_response_error,866.7171568893609,1275.4853877986973,5,5
baseline,cryptos,cgan,efficiency_ms_per_sample,266.1545433379555,4.156713767196386,5,5
baseline,es_mbp_10,cgan,score_main,0.6089912530017801,0.08170836062767638,5,5
baseline,es_mbp_10,cgan,tstr_macro_f1,0.22260490386176895,0.03229386030245341,5,4
baseline,es_mbp_10,cgan,disc_auc_gap,0.4995148219107796,0.0003809638077113959,5,5
baseline,es_mbp_10,cgan,unconditional_w1,0.86200480343924,0.331290024889322,5,5
baseline,es_mbp_10,cgan,conditional_w1,0.9569619730429318,0.3221024069704756,5,5
baseline,es_mbp_10,cgan,u_l1,1.3596592592592593,0.055682223313561104,5,5
baseline,es_mbp_10,cgan,c_l1,46.134903934357276,85.9586985289859,5,5
baseline,es_mbp_10,cgan,spread_specific_error,173.7686998097204,345.9851646879569,5,5
baseline,es_mbp_10,cgan,imbalance_specific_error,2.188178707145485,0.5165374535013458,5,5
baseline,es_mbp_10,cgan,ret_vol_acf_error,0.34833534661013266,0.0720603165442775,5,5
baseline,es_mbp_10,cgan,impact_response_error,5.901854087729385,3.7707583523135892,5,5
baseline,es_mbp_10,cgan,efficiency_ms_per_sample,269.3874975976845,5.2716191813678925,5,5
baseline,synthetic,timecausalvae,score_main,0.6473295608827914,0.08815248496015243,5,5
baseline,synthetic,timecausalvae,tstr_macro_f1,0.41649149525347334,0.025607654926759968,5,5
baseline,synthetic,timecausalvae,disc_auc_gap,0.40228600367175965,0.0037368788602413342,5,5
baseline,synthetic,timecausalvae,unconditional_w1,1.4134193733183529,0.5903924135928623,5,5
baseline,synthetic,timecausalvae,conditional_w1,1.6099006074166862,0.5855108098202549,5,5
baseline,synthetic,timecausalvae,u_l1,0.6243245442708333,0.060019176841780326,5,5
baseline,synthetic,timecausalvae,c_l1,870.5847519264514,634.0424973155839,5,5
baseline,synthetic,timecausalvae,spread_specific_error,3280.361294837376,2583.3712791192474,5,5
baseline,synthetic,timecausalvae,imbalance_specific_error,2.413781757222688,0.11441900543721387,5,5
baseline,synthetic,timecausalvae,ret_vol_acf_error,0.3053278956646591,0.022961357147989105,5,5
baseline,synthetic,timecausalvae,impact_response_error,39.61092311974744,23.66900956276358,5,5
baseline,synthetic,timecausalvae,efficiency_ms_per_sample,249.3569332860514,5.47410138912556,5,5
baseline,optiver,timecausalvae,score_main,0.43223483792402845,0.014580730295839287,5,5
baseline,optiver,timecausalvae,tstr_macro_f1,0.29215383172917536,0.005720216748014581,5,5
baseline,optiver,timecausalvae,disc_auc_gap,0.27247929573790763,0.024687661885127082,5,5
baseline,optiver,timecausalvae,unconditional_w1,0.2934242334451494,0.04298131068048406,5,5
baseline,optiver,timecausalvae,conditional_w1,0.6381518288147939,0.02690444297324691,5,5
baseline,optiver,timecausalvae,u_l1,0.720787037037037,0.04281103405067829,5,5
baseline,optiver,timecausalvae,c_l1,2.4841597071294386,0.7415434673258601,5,5
baseline,optiver,timecausalvae,spread_specific_error,4.644052895199399,2.5963174570210814,5,5
baseline,optiver,timecausalvae,imbalance_specific_error,1.7467949568805587,0.15137162234136134,5,5
baseline,optiver,timecausalvae,ret_vol_acf_error,0.22525456818162642,0.008266011436365659,5,5
baseline,optiver,timecausalvae,impact_response_error,3.9670785947439073,0.9814602716585311,5,5
baseline,optiver,timecausalvae,efficiency_ms_per_sample,37.224941506671406,0.2410104817462794,5,5
baseline,cryptos,timecausalvae,score_main,2.3077816540813254,0.3699175206877849,5,5
baseline,cryptos,timecausalvae,tstr_macro_f1,0.17908172159086608,0.009843386428767479,5,3
baseline,cryptos,timecausalvae,disc_auc_gap,0.5,0.0,5,5
baseline,cryptos,timecausalvae,unconditional_w1,139.4933657815119,82.83184022400636,5,5
baseline,cryptos,timecausalvae,conditional_w1,139.14129657947365,82.67167680611318,5,5
baseline,cryptos,timecausalvae,u_l1,1.557898148148148,0.038980431498131456,5,5
baseline,cryptos,timecausalvae,c_l1,2722.5668901175804,1056.1791534449317,5,5
baseline,cryptos,timecausalvae,spread_specific_error,5837.854125686241,563.548136589898,5,5
baseline,cryptos,timecausalvae,imbalance_specific_error,3.558764829247982,0.4534479853169304,5,5
baseline,cryptos,timecausalvae,ret_vol_acf_error,0.13179788365115974,0.005086309652014364,5,5
baseline,cryptos,timecausalvae,impact_response_error,8276.696863258569,8115.392904314519,5,5
baseline,cryptos,timecausalvae,efficiency_ms_per_sample,459.8312626841168,9.539006333100497,5,5
baseline,es_mbp_10,timecausalvae,score_main,0.5506739533261212,0.04844828410915715,5,5
baseline,es_mbp_10,timecausalvae,tstr_macro_f1,0.2765130497656008,0.02756884644561372,5,5
baseline,es_mbp_10,timecausalvae,disc_auc_gap,0.49466456398701075,0.002309605266318944,5,5
baseline,es_mbp_10,timecausalvae,unconditional_w1,0.609714141556781,0.15860009585921186,5,5
baseline,es_mbp_10,timecausalvae,conditional_w1,0.701453493092836,0.16661781779604495,5,5
baseline,es_mbp_10,timecausalvae,u_l1,1.0585425925925926,0.13365784347386817,5,5
baseline,es_mbp_10,timecausalvae,c_l1,14.658993618102865,24.77443113410467,5,5
baseline,es_mbp_10,timecausalvae,spread_specific_error,50.88702683639668,100.29824489315182,5,5
baseline,es_mbp_10,timecausalvae,imbalance_specific_error,2.4621467678337945,0.7353836422974043,5,5
baseline,es_mbp_10,timecausalvae,ret_vol_acf_error,0.1425417138926422,0.017132958970118316,5,5
baseline,es_mbp_10,timecausalvae,impact_response_error,30.606834684799175,30.96976955668907,5,5
baseline,es_mbp_10,timecausalvae,efficiency_ms_per_sample,467.6642910003041,10.380083905790674,5,5
baseline,synthetic,timegan,score_main,0.5106714265058535,0.003367620386483339,5,5
baseline,synthetic,timegan,tstr_macro_f1,0.27069697209546445,0.015985153424779283,5,5
baseline,synthetic,timegan,disc_auc_gap,0.4822121414452328,0.0051813987905775126,5,5
baseline,synthetic,timegan,unconditional_w1,0.471737417733466,0.020714622683963263,5,5
baseline,synthetic,timegan,conditional_w1,0.5612004776644912,0.018248812162939203,5,5
baseline,synthetic,timegan,u_l1,1.1790228949652777,0.04872573855629974,5,5
baseline,synthetic,timegan,c_l1,128.74196376935402,13.81058471033158,5,5
baseline,synthetic,timegan,spread_specific_error,501.20723038277464,54.62083475909543,5,5
baseline,synthetic,timegan,imbalance_specific_error,1.207570347904835,0.07221410059196744,5,5
baseline,synthetic,timegan,ret_vol_acf_error,0.2984247546554521,0.019827984720251157,5,5
baseline,synthetic,timegan,impact_response_error,32.91605562940267,7.388495735179746,5,5
baseline,synthetic,timegan,efficiency_ms_per_sample,313.63858032079105,11.311733312083376,5,5
baseline,optiver,timegan,score_main,0.5371573897376378,0.010210909433240274,5,5
baseline,optiver,timegan,tstr_macro_f1,0.286215022742467,0.009493181052563788,5,5
baseline,optiver,timegan,disc_auc_gap,0.39760841425353505,0.02102954413920806,5,5
baseline,optiver,timegan,unconditional_w1,0.5151623111282946,0.043524826315208015,5,5
baseline,optiver,timegan,conditional_w1,0.8685604714386297,0.023286918620892702,5,5
baseline,optiver,timegan,u_l1,1.182986111111111,0.08237238514014429,5,5
baseline,optiver,timegan,c_l1,2.614551575364009,0.8910992667149529,5,5
baseline,optiver,timegan,spread_specific_error,4.723339171061039,3.1046526814953497,5,5
baseline,optiver,timegan,imbalance_specific_error,1.9741495954868398,0.21295064260356675,5,5
baseline,optiver,timegan,ret_vol_acf_error,0.25046772755192515,0.023190153536803003,5,5
baseline,optiver,timegan,impact_response_error,30.705584541048758,11.27949470014235,5,5
baseline,optiver,timegan,efficiency_ms_per_sample,48.19098744806575,1.0783909984860687,5,5
baseline,cryptos,timegan,score_main,3.102666688760441,0.8527322682854167,5,5
baseline,cryptos,timegan,tstr_macro_f1,0.1533769794907224,0.005381134303037433,5,3
baseline,cryptos,timegan,disc_auc_gap,0.4999612894702074,7.742105958516988e-05,5,5
baseline,cryptos,timegan,unconditional_w1,2444.3889067922623,4241.870065448223,5,5
baseline,cryptos,timegan,conditional_w1,2445.898516655146,4244.126986576557,5,5
baseline,cryptos,timegan,u_l1,1.8009629629629629,0.04702977196737338,5,5
baseline,cryptos,timegan,c_l1,26504.285655512696,29748.65542654666,5,5
baseline,cryptos,timegan,spread_specific_error,103600.11211147849,119731.27426895098,5,5
baseline,cryptos,timegan,imbalance_specific_error,1.9670093011516339,0.6027171334277639,5,5
baseline,cryptos,timegan,ret_vol_acf_error,0.2944072043308613,0.127804748909135,5,5
baseline,cryptos,timegan,impact_response_error,3134.087220834255,2866.771768787194,5,5
baseline,cryptos,timegan,efficiency_ms_per_sample,586.2119118151411,12.825195568424821,5,5
baseline,es_mbp_10,timegan,score_main,0.6290312737456871,0.05928305788349905,5,5
baseline,es_mbp_10,timegan,tstr_macro_f1,0.2352494742641427,0.04275438999670761,5,4
baseline,es_mbp_10,timegan,disc_auc_gap,0.49962298476848244,0.0004622105486228515,5,5
baseline,es_mbp_10,timegan,unconditional_w1,0.8753663420977489,0.14586842892158405,5,5
baseline,es_mbp_10,timegan,conditional_w1,0.9614704657422426,0.18408293848509052,5,5
baseline,es_mbp_10,timegan,u_l1,1.6721092592592595,0.06855848068874063,5,5
baseline,es_mbp_10,timegan,c_l1,3.7557777053882275,0.7250598821826632,5,5
baseline,es_mbp_10,timegan,spread_specific_error,0.7984873794672189,0.20496767042518646,5,5
baseline,es_mbp_10,timegan,imbalance_specific_error,1.9463035210514292,0.808928631494499,5,5
baseline,es_mbp_10,timegan,ret_vol_acf_error,0.265036926701382,0.10417930014323326,5,5
baseline,es_mbp_10,timegan,impact_response_error,50.02099233467171,26.92524171220944,5,5
baseline,es_mbp_10,timegan,efficiency_ms_per_sample,575.2926620837146,16.17535190171394,5,5
baseline,synthetic,kovae,score_main,0.5197008134119763,0.07203655821360024,5,5
baseline,synthetic,kovae,tstr_macro_f1,0.42301085873472893,0.0155003864160443,5,5
baseline,synthetic,kovae,disc_auc_gap,0.4068918232908195,0.004028073494396761,5,5
baseline,synthetic,kovae,unconditional_w1,0.7447150185226341,0.38526505759980884,5,5
baseline,synthetic,kovae,conditional_w1,0.9357835158714215,0.38052494662653014,5,5
baseline,synthetic,kovae,u_l1,0.5584228515625,0.035169315500524115,5,5
baseline,synthetic,kovae,c_l1,769.3233025904544,149.5797900922271,5,5
baseline,synthetic,kovae,spread_specific_error,3011.16289740287,645.0575557672402,5,5
baseline,synthetic,kovae,imbalance_specific_error,1.9586972169702306,0.09065981235058211,5,5
baseline,synthetic,kovae,ret_vol_acf_error,0.2982682511651378,0.016343596773009204,5,5
baseline,synthetic,kovae,impact_response_error,35.431535090563976,27.838006548535144,5,5
baseline,synthetic,kovae,efficiency_ms_per_sample,508.885229133173,2.619218485432351,5,5
baseline,optiver,kovae,score_main,0.4045114051179291,0.011022678046843164,5,5
baseline,optiver,kovae,tstr_macro_f1,0.3078310416261908,0.025590533735300108,5,5
baseline,optiver,kovae,disc_auc_gap,0.23272605904575486,0.02629064380475446,5,5
baseline,optiver,kovae,unconditional_w1,0.2573469977565754,0.01365223442456482,5,5
baseline,optiver,kovae,conditional_w1,0.5919720250336618,0.02605627493280259,5,5
baseline,optiver,kovae,u_l1,0.6169675925925926,0.022052617624706367,5,5
baseline,optiver,kovae,c_l1,2.197872107657123,0.3940147166127229,5,5
baseline,optiver,kovae,spread_specific_error,3.2743278128580933,0.9824816264317279,5,5
baseline,optiver,kovae,imbalance_specific_error,1.9732738042751368,0.19773633817943093,5,5
baseline,optiver,kovae,ret_vol_acf_error,0.22705648086946778,0.010135370906513513,5,5
baseline,optiver,kovae,impact_response_error,5.7287900194288905,1.651012010005458,5,5
baseline,optiver,kovae,efficiency_ms_per_sample,56.729178161024,0.7814746424262137,5,5
baseline,cryptos,kovae,score_main,2.2139691866380784,0.5212336153910351,5,5
baseline,cryptos,kovae,tstr_macro_f1,0.17077954336489817,0.015213002501764808,5,4
baseline,cryptos,kovae,disc_auc_gap,0.5,0.0,5,5
baseline,cryptos,kovae,unconditional_w1,110.13901295169606,64.09700103287972,5,5
baseline,cryptos,kovae,conditional_w1,109.95372974738375,63.91739465892253,5,5
baseline,cryptos,kovae,u_l1,1.520361111111111,0.051008025068602594,5,5
baseline,cryptos,kovae,c_l1,2696.8150839319305,1570.2143658551413,5,5
baseline,cryptos,kovae,spread_specific_error,4903.655608479276,405.02564167311203,5,5
baseline,cryptos,kovae,imbalance_specific_error,3.1930771146551686,0.844470303926422,5,5
baseline,cryptos,kovae,ret_vol_acf_error,0.1316987601497227,0.008880815010456594,5,5
baseline,cryptos,kovae,impact_response_error,6409.4019567564255,7635.433113884194,5,5
baseline,cryptos,kovae,efficiency_ms_per_sample,734.015042396107,0.6849516529043573,5,5
baseline,es_mbp_10,kovae,score_main,0.5774620463305609,0.06226910922559969,5,5
baseline,es_mbp_10,kovae,tstr_macro_f1,0.26487168270948463,0.028838833724853952,5,5
baseline,es_mbp_10,kovae,disc_auc_gap,0.49379585282642563,0.001988342876250959,5,5
baseline,es_mbp_10,kovae,unconditional_w1,0.6997365722750916,0.220902960192152,5,5
baseline,es_mbp_10,kovae,conditional_w1,0.7823183159090632,0.23154085341216837,5,5
baseline,es_mbp_10,kovae,u_l1,1.1138222222222223,0.11059333392001784,5,5
baseline,es_mbp_10,kovae,c_l1,2.1826065819873794,0.5819321987755092,5,5
baseline,es_mbp_10,kovae,spread_specific_error,0.7199289692973452,0.0450456238398166,5,5
baseline,es_mbp_10,kovae,imbalance_specific_error,3.0272166633688946,1.0865991969969915,5,5
baseline,es_mbp_10,kovae,ret_vol_acf_error,0.16034673839252428,0.007399692691148859,5,5
baseline,es_mbp_10,kovae,impact_response_error,15.965272945750751,10.498820208301838,5,5
baseline,es_mbp_10,kovae,efficiency_ms_per_sample,734.1490263604403,1.3931641775834547,5,5
